{
  "project_info": {
    "project_number": "241642018995",
    "project_id": "labbaik-e1dff",
    "storage_bucket": "labbaik-e1dff.firebasestorage.app"
  },
  "client": [
    {
      "client_info": {
        "mobilesdk_app_id": "1:241642018995:android:b536a76910f16b75b838c6",
        "android_client_info": {
          "package_name": "com.mormdn.labbaik"
        }
      },
      "oauth_client": [],
      "api_key": [
        {
          "current_key": "AIzaSyCTQGjicSQL2XsZ0F7tbw8IdfZZ_S9zDGA"
        }
      ],
      "services": {
        "appinvite_service": {
          "other_platform_oauth_client": []
        }
      }
    }
  ],
  "configuration_version": "1"
}